{"textures":{"0":"modelengine:entity/wyvern"},"elements":[{"from":[5.142857,6.285714,-0.57142925],"to":[10.857143,9.714286,8.0],"rotation":{"angle":0.0,"axis":"y","origin":[8.0,-8.0,25.714287]},"faces":{"east":{"uv":[7.625,3.125,8.5625,3.5],"rotation":0,"texture":"#0","tintindex":0},"south":{"uv":[8.1875,7.125,8.8125,7.5],"rotation":0,"texture":"#0","tintindex":0},"north":{"uv":[6.0,8.1875,6.625,8.5625],"rotation":0,"texture":"#0","tintindex":0},"west":{"uv":[7.625,5.875,8.5625,6.25],"rotation":0,"texture":"#0","tintindex":0},"up":{"uv":[7.625,1.6875,7.0,0.75],"rotation":0,"texture":"#0","tintindex":0},"down":{"uv":[7.625,1.6875,7.0,2.625],"rotation":0,"texture":"#0","tintindex":0}}},{"from":[6.857143,6.857143,0.0],"to":[9.142858,13.714286,2.2857141],"rotation":{"angle":0.0,"axis":"y","origin":[8.0,-8.0,25.714287]},"faces":{"east":{"uv":[6.375,8.5625,6.625,9.3125],"rotation":0,"texture":"#0","tintindex":0},"south":{"uv":[7.5625,8.625,7.8125,9.375],"rotation":0,"texture":"#0","tintindex":0},"north":{"uv":[1.875,8.5625,2.125,9.3125],"rotation":0,"texture":"#0","tintindex":0},"west":{"uv":[7.8125,8.625,8.0625,9.375],"rotation":0,"texture":"#0","tintindex":0},"up":{"uv":[6.25,8.1875,6.0,7.9375],"rotation":0,"texture":"#0","tintindex":0},"down":{"uv":[9.375,1.9375,9.125,2.1875],"rotation":0,"texture":"#0","tintindex":0}}},{"from":[4.0,8.0,3.4285712],"to":[5.142857,9.714286,7.428571],"rotation":{"angle":0.0,"axis":"y","origin":[8.0,-8.0,25.714287]},"faces":{"east":{"uv":[9.0,5.9375,9.4375,6.125],"rotation":0,"texture":"#0","tintindex":0},"south":{"uv":[0.375,8.25,0.5,8.4375],"rotation":0,"texture":"#0","tintindex":0},"north":{"uv":[6.625,8.1875,6.75,8.375],"rotation":0,"texture":"#0","tintindex":0},"west":{"uv":[9.0,6.125,9.4375,6.3125],"rotation":0,"texture":"#0","tintindex":0},"up":{"uv":[9.25,2.625,9.125,2.1875],"rotation":0,"texture":"#0","tintindex":0},"down":{"uv":[9.25,2.625,9.125,3.0625],"rotation":0,"texture":"#0","tintindex":0}}},{"from":[4.0,8.0,7.428571],"to":[5.142857,13.142858,9.142858],"rotation":{"angle":0.0,"axis":"y","origin":[8.0,-8.0,25.714287]},"faces":{"east":{"uv":[7.375,8.75,7.5625,9.3125],"rotation":0,"texture":"#0","tintindex":0},"south":{"uv":[6.875,8.9375,7.0,9.5],"rotation":0,"texture":"#0","tintindex":0},"north":{"uv":[3.25,8.875,3.375,9.4375],"rotation":0,"texture":"#0","tintindex":0},"west":{"uv":[0.75,8.875,0.9375,9.4375],"rotation":0,"texture":"#0","tintindex":0},"up":{"uv":[7.6875,8.5625,7.5625,8.375],"rotation":0,"texture":"#0","tintindex":0},"down":{"uv":[8.75,6.4375,8.625,6.625],"rotation":0,"texture":"#0","tintindex":0}}},{"from":[10.857143,8.0,3.4285712],"to":[12.0,9.714286,7.428571],"rotation":{"angle":0.0,"axis":"y","origin":[8.0,-8.0,25.714287]},"faces":{"east":{"uv":[9.0625,4.25,9.5,4.4375],"rotation":0,"texture":"#0","tintindex":0},"south":{"uv":[9.125,5.0,9.25,5.1875],"rotation":0,"texture":"#0","tintindex":0},"north":{"uv":[4.625,9.125,4.75,9.3125],"rotation":0,"texture":"#0","tintindex":0},"west":{"uv":[9.0625,4.4375,9.5,4.625],"rotation":0,"texture":"#0","tintindex":0},"up":{"uv":[9.25,3.5,9.125,3.0625],"rotation":0,"texture":"#0","tintindex":0},"down":{"uv":[4.375,9.125,4.25,9.5625],"rotation":0,"texture":"#0","tintindex":0}}},{"from":[10.857143,8.0,7.428571],"to":[12.0,13.142858,9.142858],"rotation":{"angle":0.0,"axis":"y","origin":[8.0,-8.0,25.714287]},"faces":{"east":{"uv":[5.75,9.0,5.9375,9.5625],"rotation":0,"texture":"#0","tintindex":0},"south":{"uv":[9.125,1.375,9.25,1.9375],"rotation":0,"texture":"#0","tintindex":0},"north":{"uv":[1.125,9.125,1.25,9.6875],"rotation":0,"texture":"#0","tintindex":0},"west":{"uv":[0.9375,9.125,1.125,9.6875],"rotation":0,"texture":"#0","tintindex":0},"up":{"uv":[9.25,5.375,9.125,5.1875],"rotation":0,"texture":"#0","tintindex":0},"down":{"uv":[6.0625,9.125,5.9375,9.3125],"rotation":0,"texture":"#0","tintindex":0}}}],"display":{"head":{"translation":[0.0,-6.4,0.0],"scale":[4.0,4.0,4.0]}}}