{"textures":{"0":"modelengine:entity/wyvern"},"elements":[{"from":[6.857143,-2.8571434,8.285714],"to":[9.142858,4.0,12.285715],"rotation":{"angle":0.0,"axis":"y","origin":[11.428572,-4.5714293,1.9999995]},"faces":{"east":{"uv":[7.75,7.125,8.1875,7.875],"rotation":0,"texture":"#0","tintindex":0},"south":{"uv":[2.375,8.6875,2.625,9.4375],"rotation":0,"texture":"#0","tintindex":0},"north":{"uv":[2.125,8.6875,2.375,9.4375],"rotation":0,"texture":"#0","tintindex":0},"west":{"uv":[7.75,7.875,8.1875,8.625],"rotation":0,"texture":"#0","tintindex":0},"up":{"uv":[5.25,9.4375,5.0,9.0],"rotation":0,"texture":"#0","tintindex":0},"down":{"uv":[5.5,9.0,5.25,9.4375],"rotation":0,"texture":"#0","tintindex":0}}},{"from":[6.857143,-4.5714293,6.5714283],"to":[9.142858,-2.8571434,11.142858],"rotation":{"angle":0.0,"axis":"y","origin":[11.428572,-4.5714293,1.9999995]},"faces":{"east":{"uv":[7.0,4.3125,7.5,4.5],"rotation":0,"texture":"#0","tintindex":0},"south":{"uv":[4.375,9.125,4.625,9.3125],"rotation":0,"texture":"#0","tintindex":0},"north":{"uv":[4.25,8.6875,4.5,8.875],"rotation":0,"texture":"#0","tintindex":0},"west":{"uv":[7.5,4.3125,8.0,4.5],"rotation":0,"texture":"#0","tintindex":0},"up":{"uv":[3.25,9.375,3.0,8.875],"rotation":0,"texture":"#0","tintindex":0},"down":{"uv":[6.875,8.9375,6.625,9.4375],"rotation":0,"texture":"#0","tintindex":0}}},{"from":[6.285714,0.5714283,6.0],"to":[9.714286,10.285714,10.571428],"rotation":{"angle":0.0,"axis":"y","origin":[11.428572,-4.5714293,1.9999995]},"faces":{"east":{"uv":[3.125,7.0,3.625,8.0625],"rotation":0,"texture":"#0","tintindex":0},"south":{"uv":[1.0,7.5,1.375,8.5625],"rotation":0,"texture":"#0","tintindex":0},"north":{"uv":[4.625,7.0,5.0,8.0625],"rotation":0,"texture":"#0","tintindex":0},"west":{"uv":[3.625,7.0,4.125,8.0625],"rotation":0,"texture":"#0","tintindex":0},"up":{"uv":[3.0,9.1875,2.625,8.6875],"rotation":0,"texture":"#0","tintindex":0},"down":{"uv":[3.75,8.6875,3.375,9.1875],"rotation":0,"texture":"#0","tintindex":0}}}],"display":{"head":{"translation":[0.0,-6.4,0.0],"scale":[4.0,4.0,4.0]}}}