{"textures":{"0":"modelengine:entity/wyvern"},"elements":[{"from":[6.857143,-2.8571434,8.285714],"to":[9.142858,4.0,12.285715],"rotation":{"angle":0.0,"axis":"y","origin":[4.5714283,-4.5714293,1.9999995]},"faces":{"east":{"uv":[2.125,7.9375,2.5625,8.6875],"rotation":0,"texture":"#0","tintindex":0},"south":{"uv":[4.0,8.6875,4.25,9.4375],"rotation":0,"texture":"#0","tintindex":0},"north":{"uv":[3.75,8.6875,4.0,9.4375],"rotation":0,"texture":"#0","tintindex":0},"west":{"uv":[2.5625,7.9375,3.0,8.6875],"rotation":0,"texture":"#0","tintindex":0},"up":{"uv":[5.75,9.4375,5.5,9.0],"rotation":0,"texture":"#0","tintindex":0},"down":{"uv":[9.25,5.5,9.0,5.9375],"rotation":0,"texture":"#0","tintindex":0}}},{"from":[6.857143,-4.5714293,6.5714283],"to":[9.142858,-2.8571434,11.142858],"rotation":{"angle":0.0,"axis":"y","origin":[4.5714283,-4.5714293,1.9999995]},"faces":{"east":{"uv":[8.0,4.3125,8.5,4.5],"rotation":0,"texture":"#0","tintindex":0},"south":{"uv":[9.125,4.8125,9.375,5.0],"rotation":0,"texture":"#0","tintindex":0},"north":{"uv":[9.125,4.625,9.375,4.8125],"rotation":0,"texture":"#0","tintindex":0},"west":{"uv":[8.8125,7.3125,9.3125,7.5],"rotation":0,"texture":"#0","tintindex":0},"up":{"uv":[9.25,4.25,9.0,3.75],"rotation":0,"texture":"#0","tintindex":0},"down":{"uv":[5.0,9.0,4.75,9.5],"rotation":0,"texture":"#0","tintindex":0}}},{"from":[6.285714,0.5714283,6.0],"to":[9.714286,10.285714,10.571428],"rotation":{"angle":0.0,"axis":"y","origin":[4.5714283,-4.5714293,1.9999995]},"faces":{"east":{"uv":[4.125,7.0,4.625,8.0625],"rotation":0,"texture":"#0","tintindex":0},"south":{"uv":[1.75,7.5,2.125,8.5625],"rotation":0,"texture":"#0","tintindex":0},"north":{"uv":[1.375,7.5,1.75,8.5625],"rotation":0,"texture":"#0","tintindex":0},"west":{"uv":[6.25,7.125,6.75,8.1875],"rotation":0,"texture":"#0","tintindex":0},"up":{"uv":[9.125,6.9375,8.75,6.4375],"rotation":0,"texture":"#0","tintindex":0},"down":{"uv":[7.375,8.75,7.0,9.25],"rotation":0,"texture":"#0","tintindex":0}}}],"display":{"head":{"translation":[0.0,-6.4,0.0],"scale":[4.0,4.0,4.0]}}}